<manifest>
  <file md5="1cea00e3fc273e627d5db8de4d7f538b" name="CHANGELOG" />
  <file md5="2dd805cf3108bbcfae774033b4bcbd5f" name="smdx.xsd" />
  <file md5="c295afc91da4480269caa0dde149c296" name="smdx_00001.xml" />
  <file md5="cee44d064c9d368d04606df29fcf0fe3" name="smdx_00002.xml" />
  <file md5="030c4a3f681e2c3582e2de3f36b60e28" name="smdx_00003.xml" />
  <file md5="cd82e8d694b59914c399f2679ebc241c" name="smdx_00004.xml" />
  <file md5="8d5c2a32b7d0e2a860e334294e8ea552" name="smdx_00005.xml" />
  <file md5="7cc5d2abd9a570c80f17d3b804342431" name="smdx_00006.xml" />
  <file md5="7ee3672434cb21017db1db089097c2bb" name="smdx_00007.xml" />
  <file md5="79d6bab37ab9a1ae80eb735972112e5a" name="smdx_00008.xml" />
  <file md5="8a5b13247dfe50953a003f866140a8d9" name="smdx_00009.xml" />
  <file md5="3a2928ec26b54bfc06d87fa19cc9a883" name="smdx_00010.xml" />
  <file md5="b84d4809ed99634eb84069a5bf103218" name="smdx_00011.xml" />
  <file md5="4157c0e5b4af9f458dfe13b5f6df875d" name="smdx_00012.xml" />
  <file md5="74a0fb74cba7f9b8db2f7116c4bf5b34" name="smdx_00013.xml" />
  <file md5="31c6f93ae725b620190b8d2b796f3379" name="smdx_00014.xml" />
  <file md5="8db494781ee28870b3e6a71ae4e6ef87" name="smdx_00015.xml" />
  <file md5="3f12f1c0704b040fc83bf9cf300cfda3" name="smdx_00016.xml" />
  <file md5="d967d14a36588ca0f491b6b803d2d51c" name="smdx_00017.xml" />
  <file md5="99f0dbb86fce41b2b2840fc79ed19423" name="smdx_00018.xml" />
  <file md5="a9afdde06929da4a95de434a7f97668d" name="smdx_00019.xml" />
  <file md5="8773b9cd3d622dc696a4aea506125852" name="smdx_00101.xml" />
  <file md5="a2a492d20a5893f6daf429382347cb4b" name="smdx_00102.xml" />
  <file md5="ae6ff9f81d83369083ad99f1ddde6ef4" name="smdx_00103.xml" />
  <file md5="8d57a22dafdc661b2fc9cd49dd1b66ef" name="smdx_00111.xml" />
  <file md5="6e0740506183cc41f8633f63e0720418" name="smdx_00112.xml" />
  <file md5="136e0b07a090df9830aafb08ee8845a8" name="smdx_00113.xml" />
  <file md5="57376be8e6c41dcd4bc66693266b6ada" name="smdx_00120.xml" />
  <file md5="2c8199f06e50bb04498bf51f6441547b" name="smdx_00121.xml" />
  <file md5="80120291ee9093e94badb00f94b57fc6" name="smdx_00122.xml" />
  <file md5="50553a75f5f6fd318c8f999ac14a4da9" name="smdx_00123.xml" />
  <file md5="d5d5ef9fdf4b85ae9e7b0a2500ee368f" name="smdx_00124.xml" />
  <file md5="d0dfef846611038c74dbd4b04cff458e" name="smdx_00125.xml" />
  <file md5="cddeac439cf12b370c31c179b97c858e" name="smdx_00126.xml" />
  <file md5="106559b38ae2bbe3cde2bd2c0f3be690" name="smdx_00127.xml" />
  <file md5="64a4fdbabc5e4ad4fa09fef9c17a5873" name="smdx_00128.xml" />
  <file md5="5a12c3f4571aa7e2c5d711de7956b543" name="smdx_00129.xml" />
  <file md5="21db252a895c5cf59a409a2ff913fb27" name="smdx_00130.xml" />
  <file md5="52315d9f2bf2e2d8cc3b725648192adb" name="smdx_00131.xml" />
  <file md5="5d38b8c1de1592bb44fd03f8d616126f" name="smdx_00132.xml" />
  <file md5="a8b05207c6608e43148dad75c1655b49" name="smdx_00133.xml" />
  <file md5="00a5cd1d6b8ffad4b26c112eb11d1f95" name="smdx_00134.xml" />
  <file md5="7e7992eee35f13b05cd3aa607de4964c" name="smdx_00135.xml" />
  <file md5="0dfbc584e11c0b0eb530ac60f97edd0a" name="smdx_00136.xml" />
  <file md5="937aa8906c697bf85fec0450c5dc5bf4" name="smdx_00137.xml" />
  <file md5="923f134a515697257c2045d6eef0cc9a" name="smdx_00138.xml" />
  <file md5="4a6a620eeb0066903c5140a09d5f4ffb" name="smdx_00139.xml" />
  <file md5="f772909988da46eff8d313c57d7e948e" name="smdx_00140.xml" />
  <file md5="7219e678d8b7045821b4bd26360d59d3" name="smdx_00141.xml" />
  <file md5="fc78f94580a28d1daf567a66194d1e48" name="smdx_00142.xml" />
  <file md5="0fd5058b441f54b4dac042420bff7aa1" name="smdx_00143.xml" />
  <file md5="2b43346596b816afce9a7a749f24e0aa" name="smdx_00144.xml" />
  <file md5="33abcdae066dec6dd0a60e7df7bccef4" name="smdx_00145.xml" />
  <file md5="d4bb82e2e45c344ded30ecfdaca598b8" name="smdx_00160.xml" />
  <file md5="944e88f80d217ebfe06a6347e040127e" name="smdx_00201.xml" />
  <file md5="1077b7d012a35be20680f85d7e17ca5c" name="smdx_00202.xml" />
  <file md5="4a2168fdbf941760fd2df8ee1ace621f" name="smdx_00203.xml" />
  <file md5="efba3df6916d38c8de5128f969c31a21" name="smdx_00204.xml" />
  <file md5="1b41ff1ca791a292af1c2a525d159ea6" name="smdx_00211.xml" />
  <file md5="c7f126e5cae81570b7f49d2ef50b9851" name="smdx_00212.xml" />
  <file md5="8f8f3d6c0e939f6d2e3887fc09f29f25" name="smdx_00213.xml" />
  <file md5="b85ecf011ff42604cf2a53e3e831f109" name="smdx_00214.xml" />
  <file md5="e63cf71e122324373cd22e337ad2b232" name="smdx_00220.xml" />
  <file md5="4d662053e0e9f148b33b273e4fa011c7" name="smdx_00302.xml" />
  <file md5="5bad0d3ea94f33287607508b1bda8df4" name="smdx_00303.xml" />
  <file md5="7697999ab70452cfbdc55c95ef38013a" name="smdx_00304.xml" />
  <file md5="d193525a5ea94bc9e286af26628f8cf6" name="smdx_00305.xml" />
  <file md5="7a6750dec65d15bcb73f5b76ff6220ac" name="smdx_00306.xml" />
  <file md5="f449e415d2dc42419b134b95f27df109" name="smdx_00307.xml" />
  <file md5="55993cea6120e827f9e0ec6ff51bf100" name="smdx_00308.xml" />
  <file md5="76b46655b6fca3042958c58c615db1ec" name="smdx_00401.xml" />
  <file md5="4607ea3c9e186d53ef554814ff7917d9" name="smdx_00402.xml" />
  <file md5="1428c669fc52a2516cb5aab91ab6cd1c" name="smdx_00403.xml" />
  <file md5="83036290ed55609d2c607426d10ead33" name="smdx_00404.xml" />
  <file md5="b6d2ab5cdd55d4e438b457f9782f0ea9" name="smdx_00501.xml" />
  <file md5="0e74345cf0ff3b5d0bc80117ee834b27" name="smdx_00502.xml" />
  <file md5="113719af4addee538689fd31e0afc3d9" name="smdx_00601.xml" />
  <file md5="e7bf421aaf6a86ef7e995219db7a9265" name="smdx_00801.xml" />
  <file md5="a8329811015b1aa490ee9da9fa212795" name="smdx_00802.xml" />
  <file md5="08806ddea8fcd3a7f414dc2332162986" name="smdx_00803.xml" />
  <file md5="52e9c4014e88264640a1d3d5aabdcf45" name="smdx_00804.xml" />
  <file md5="0d191ba6efefe63cd82329aa2ca8de6f" name="smdx_00805.xml" />
  <file md5="4ed4a12acf8c7fca5288872314951d02" name="smdx_00806.xml" />
  <file md5="d891753681296b391f246cc166dc8053" name="smdx_00807.xml" />
  <file md5="18749956780dc33c1d2050d6c0064456" name="smdx_00808.xml" />
  <file md5="20d3cc8ee07c2f2178de3d40a521356f" name="smdx_00809.xml" />
  <file md5="92f777bd774d731b8c6f9fbfef884f1c" name="smdx_63001.xml" />
  <file md5="d18ac80b4106d05ae4499ba09e00a47f" name="smdx_63002.xml" />
  <file md5="584d6889c51d84163cd8a621e146590a" name="smdx_64001.xml" />
  <file md5="f8d554a132e3074e102f9c247c29fe6c" name="smdx_64020.xml" />
  <file md5="bb5434bb8c11214ed6febe47cd502867" name="smdx_64101.xml" />
  <file md5="cba82aaf067148d81e1cdc41f81acf37" name="smdx_64110.xml" />
  <file md5="33df6b1d6779537becf61f15dd140093" name="smdx_64111.xml" />
  <file md5="23afee8827d819b387d3fcdb123cb031" name="smdx_64112.xml" />
</manifest>
