<sunSpecModels v="1">
  <!-- 143: LFRT Extended Curve-->
  <model id="143" len="60" name="lfrtx" status="test">
    <block len="10" type="fixed">
      <point id="ActCrv" offset="0" access="rw" type="uint16" len="1" mandatory="true"  />
      <point id="ModEna" offset="1" access="rw" type="bitfield16" len="1" mandatory="true">
        <symbol id="ENABLED">0</symbol>
      </point>
      <point id="WinTms" offset="2" access="rw" type="uint16" len="1" mandatory="false" units="Secs" />
      <point id="RvrtTms" offset="3" access="rw" type="uint16" len="1" mandatory="false" units="Secs" />
      <point id="RmpTms" offset="4" access="rw" type="uint16" len="1" mandatory="false" units="Secs" />
      <point id="NCrv" offset="5" access="r" type="uint16" len="1" mandatory="true"  />
      <point id="NPt" offset="6" access="r" type="uint16" len="1" mandatory="true"  />
      <point id="Tms_SF" offset="7" access="r" type="sunssf" len="1" mandatory="true"  />
      <point id="Hz_SF" offset="8" access="r" type="sunssf" len="1" mandatory="true"  />
      <point id="CrvType" offset="9" access="r" type="enum16" len="1" mandatory="true" >
        <symbol id="CEASE_TO_ENERGIZE">1</symbol>
      </point>
    </block>
    <block len="50" type="repeating" name="curve">
      <point id="ActPt" offset="0" access="rw" type="uint16" len="1" mandatory="true"  />
      <point id="Tms1" offset="1" access="rw" type="uint16" len="1" mandatory="true" units="Secs" sf="Tms_SF"/>
      <point id="Hz1" offset="2" access="rw" type="uint16" len="1" mandatory="true" units="Hz" sf="Hz_SF"/>
      <point id="Tms2" offset="3" access="rw" type="uint16" len="1" mandatory="false" units="Secs" sf="Tms_SF"/>
      <point id="Hz2" offset="4" access="rw" type="uint16" len="1" mandatory="false" units="Hz" sf="Hz_SF"/>
      <point id="Tms3" offset="5" access="rw" type="uint16" len="1" mandatory="false" units="Secs" sf="Tms_SF"/>
      <point id="Hz3" offset="6" access="rw" type="uint16" len="1" mandatory="false" units="Hz" sf="Hz_SF"/>
      <point id="Tms4" offset="7" access="rw" type="uint16" len="1" mandatory="false" units="Secs" sf="Tms_SF"/>
      <point id="Hz4" offset="8" access="rw" type="uint16" len="1" mandatory="false" units="Hz" sf="Hz_SF"/>
      <point id="Tms5" offset="9" access="rw" type="uint16" len="1" mandatory="false" units="Secs" sf="Tms_SF"/>
      <point id="Hz5" offset="10" access="rw" type="uint16" len="1" mandatory="false" units="Hz" sf="Hz_SF"/>
      <point id="Tms6" offset="11" access="rw" type="uint16" len="1" mandatory="false" units="Secs" sf="Tms_SF"/>
      <point id="Hz6" offset="12" access="rw" type="uint16" len="1" mandatory="false" units="Hz" sf="Hz_SF"/>
      <point id="Tms7" offset="13" access="rw" type="uint16" len="1" mandatory="false" units="Secs" sf="Tms_SF"/>
      <point id="Hz7" offset="14" access="rw" type="uint16" len="1" mandatory="false" units="Hz" sf="Hz_SF"/>
      <point id="Tms8" offset="15" access="rw" type="uint16" len="1" mandatory="false" units="Secs" sf="Tms_SF"/>
      <point id="Hz8" offset="16" access="rw" type="uint16" len="1" mandatory="false" units="Hz" sf="Hz_SF"/>
      <point id="Tms9" offset="17" access="rw" type="uint16" len="1" mandatory="false" units="Secs" sf="Tms_SF"/>
      <point id="Hz9" offset="18" access="rw" type="uint16" len="1" mandatory="false" units="Hz" sf="Hz_SF"/>
      <point id="Tms10" offset="19" access="rw" type="uint16" len="1" mandatory="false" units="Secs" sf="Tms_SF"/>
      <point id="Hz10" offset="20" access="rw" type="uint16" len="1" mandatory="false" units="Hz" sf="Hz_SF"/>
      <point id="Tms11" offset="21" access="rw" type="uint16" len="1" mandatory="false" units="Secs" sf="Tms_SF"/>
      <point id="Hz11" offset="22" access="rw" type="uint16" len="1" mandatory="false" units="Hz" sf="Hz_SF"/>
      <point id="Tms12" offset="23" access="rw" type="uint16" len="1" mandatory="false" units="Secs" sf="Tms_SF"/>
      <point id="Hz12" offset="24" access="rw" type="uint16" len="1" mandatory="false" units="Hz" sf="Hz_SF"/>
      <point id="Tms13" offset="25" access="rw" type="uint16" len="1" mandatory="false" units="Secs" sf="Tms_SF"/>
      <point id="Hz13" offset="26" access="rw" type="uint16" len="1" mandatory="false" units="Hz" sf="Hz_SF"/>
      <point id="Tms14" offset="27" access="rw" type="uint16" len="1" mandatory="false" units="Secs" sf="Tms_SF"/>
      <point id="Hz14" offset="28" access="rw" type="uint16" len="1" mandatory="false" units="Hz" sf="Hz_SF"/>
      <point id="Tms15" offset="29" access="rw" type="uint16" len="1" mandatory="false" units="Secs" sf="Tms_SF"/>
      <point id="Hz15" offset="30" access="rw" type="uint16" len="1" mandatory="false" units="Hz" sf="Hz_SF"/>
      <point id="Tms16" offset="31" access="rw" type="uint16" len="1" mandatory="false" units="Secs" sf="Tms_SF"/>
      <point id="Hz16" offset="32" access="rw" type="uint16" len="1" mandatory="false" units="Hz" sf="Hz_SF"/>
      <point id="Tms17" offset="33" access="rw" type="uint16" len="1" mandatory="false" units="Secs" sf="Tms_SF"/>
      <point id="Hz17" offset="34" access="rw" type="uint16" len="1" mandatory="false" units="Hz" sf="Hz_SF"/>
      <point id="Tms18" offset="35" access="rw" type="uint16" len="1" mandatory="false" units="Secs" sf="Tms_SF"/>
      <point id="Hz18" offset="36" access="rw" type="uint16" len="1" mandatory="false" units="Hz" sf="Hz_SF"/>
      <point id="Tms19" offset="37" access="rw" type="uint16" len="1" mandatory="false" units="Secs" sf="Tms_SF"/>
      <point id="Hz19" offset="38" access="rw" type="uint16" len="1" mandatory="false" units="Hz" sf="Hz_SF"/>
      <point id="Tms20" offset="39" access="rw" type="uint16" len="1" mandatory="false" units="Secs" sf="Tms_SF"/>
      <point id="Hz20" offset="40" access="rw" type="uint16" len="1" mandatory="false" units="Hz" sf="Hz_SF"/>
      <point id="CrvNam" offset="41" access="rw" type="string" len="8" mandatory="false"  />
      <point id="ReadOnly" offset="49" access="r" type="enum16" len="1" mandatory="true" >
        <symbol id="READWRITE">0</symbol>
        <symbol id="READONLY">1</symbol>
      </point>
    </block>
  </model>
  <strings id="143" locale="en">
    <model>
      <label>LFRTX</label>
      <description>LFRT extended curve</description>
      <notes>Ref 4: 11</notes>
    </model>
    <point id="NCrv">
      <label>NCrv</label>
      <description>Number of curves supported (recommend 4).</description>
      <notes> </notes>
    </point>
    <point id="NPt">
      <label>NPt</label>
      <description>Number of curve points supported (maximumn of 20).</description>
      <notes> </notes>
    </point>
    <point id="ModEna">
      <label>ModEna</label>
      <description>LHzRT control mode. Enable active curve.  Bitfield value.</description>
      <notes> </notes>
    </point>
    <point id="ActCrv">
      <label>ActCrv</label>
      <description>Index of active curve. 0=no active curve.</description>
      <notes> </notes>
    </point>
    <point id="WinTms">
      <label>WinTms</label>
      <description>Time window for LFRT change.</description>
      <notes>Setting is ignored for LFRT controls.</notes>
    </point>
    <point id="RvrtTms">
      <label>RvrtTms</label>
      <description>Timeout period for LFRT curve selection.</description>
      <notes>Setting is ignored for LFRT controls.</notes>
    </point>
    <point id="RmpTms">
      <label>RmpTms</label>
      <description>Ramp time for moving from current mode to new mode.</description>
      <notes>Setting is ignored for LFRT controls.</notes>
    </point>
    <point id="Tms_SF">
      <label>Tms_SF</label>
      <description>Scale factor for duration.</description>
      <notes> </notes>
    </point>
    <point id="Hz_SF">
      <label>Hz_SF</label>
      <description>Scale factor for frequency.</description>
      <notes> </notes>
    </point>
    <point id="CrvNam">
      <label>CrvNam</label>
      <description>Optional description for curve.</description>
      <notes> </notes>
    </point>
    <point id="ActPt">
      <label>ActPt</label>
      <description>Number of active points in array.</description>
      <notes> </notes>
    </point>
    <point id="Tms1">
      <label>Tms1</label>
      <description>Point 1 duration.</description>
      <notes> </notes>
    </point>
    <point id="Hz1">
      <label>Hz1</label>
      <description>Point 1 frequency.</description>
      <notes> </notes>
    </point>
    <point id="Tms2">
      <label>Tms2</label>
      <description>Point 2 duration.</description>
      <notes> </notes>
    </point>
    <point id="Hz2">
      <label>Hz2</label>
      <description>Point 2 frequency.</description>
      <notes> </notes>
    </point>
    <point id="Tms3">
      <label>Tms3</label>
      <description>Point 3 duration.</description>
      <notes> </notes>
    </point>
    <point id="Hz3">
      <label>Hz3</label>
      <description>Point 3 frequency.</description>
      <notes> </notes>
    </point>
    <point id="Tms4">
      <label>Tms4</label>
      <description>Point 4 duration.</description>
      <notes> </notes>
    </point>
    <point id="Hz4">
      <label>Hz4</label>
      <description>Point 4 frequency.</description>
      <notes> </notes>
    </point>
    <point id="Tms5">
      <label>Tms5</label>
      <description>Point 5 duration.</description>
      <notes> </notes>
    </point>
    <point id="Hz5">
      <label>Hz5</label>
      <description>Point 5 frequency.</description>
      <notes> </notes>
    </point>
    <point id="Tms6">
      <label>Tms6</label>
      <description>Point 6 duration.</description>
      <notes> </notes>
    </point>
    <point id="Hz6">
      <label>Hz6</label>
      <description>Point 6 frequency.</description>
      <notes> </notes>
    </point>
    <point id="Tms7">
      <label>Tms7</label>
      <description>Point 7 duration.</description>
      <notes> </notes>
    </point>
    <point id="Hz7">
      <label>Hz7</label>
      <description>Point 7 frequency.</description>
      <notes> </notes>
    </point>
    <point id="Tms8">
      <label>Tms8</label>
      <description>Point 8 duration.</description>
      <notes> </notes>
    </point>
    <point id="Hz8">
      <label>Hz8</label>
      <description>Point 8 frequency.</description>
      <notes> </notes>
    </point>
    <point id="Tms9">
      <label>Tms9</label>
      <description>Point 9 duration.</description>
      <notes> </notes>
    </point>
    <point id="Hz9">
      <label>Hz9</label>
      <description>Point 9 frequency.</description>
      <notes> </notes>
    </point>
    <point id="Tms10">
      <label>Tms10</label>
      <description>Point 10 duration.</description>
      <notes> </notes>
    </point>
    <point id="Hz10">
      <label>Hz10</label>
      <description>Point 10 frequency.</description>
      <notes> </notes>
    </point>
    <point id="Tms11">
      <label>Tms11</label>
      <description>Point 11 duration.</description>
      <notes> </notes>
    </point>
    <point id="Hz11">
      <label>Hz11</label>
      <description>Point 11 frequency.</description>
      <notes> </notes>
    </point>
    <point id="Tms12">
      <label>Tms12</label>
      <description>Point 12 duration.</description>
      <notes> </notes>
    </point>
    <point id="Hz12">
      <label>Hz12</label>
      <description>Point 12 frequency.</description>
      <notes> </notes>
    </point>
    <point id="Tms13">
      <label>Tms13</label>
      <description>Point 13 duration.</description>
      <notes> </notes>
    </point>
    <point id="Hz13">
      <label>Hz13</label>
      <description>Point 13 frequency.</description>
      <notes> </notes>
    </point>
    <point id="Tms14">
      <label>Tms14</label>
      <description>Point 14 duration.</description>
      <notes> </notes>
    </point>
    <point id="Hz14">
      <label>Hz14</label>
      <description>Point 14 frequency.</description>
      <notes> </notes>
    </point>
    <point id="Tms15">
      <label>Tms15</label>
      <description>Point 15 duration.</description>
      <notes> </notes>
    </point>
    <point id="Hz15">
      <label>Hz15</label>
      <description>Point 15 frequency.</description>
      <notes> </notes>
    </point>
    <point id="Tms16">
      <label>Tms16</label>
      <description>Point 16 duration.</description>
      <notes> </notes>
    </point>
    <point id="Hz16">
      <label>Hz16</label>
      <description>Point 16 frequency.</description>
      <notes> </notes>
    </point>
    <point id="Tms17">
      <label>Tms17</label>
      <description>Point 17 duration.</description>
      <notes> </notes>
    </point>
    <point id="Hz17">
      <label>Hz17</label>
      <description>Point 17 frequency.</description>
      <notes> </notes>
    </point>
    <point id="Tms18">
      <label>Tms18</label>
      <description>Point 18 duration.</description>
      <notes> </notes>
    </point>
    <point id="Hz18">
      <label>Hz18</label>
      <description>Point 18 frequency.</description>
      <notes> </notes>
    </point>
    <point id="Tms19">
      <label>Tms19</label>
      <description>Point 19 duration.</description>
      <notes> </notes>
    </point>
    <point id="Hz19">
      <label>Hz19</label>
      <description>Point 19 frequency.</description>
      <notes> </notes>
    </point>
    <point id="Tms20">
      <label>Tms20</label>
      <description>Point 20 duration.</description>
      <notes> </notes>
    </point>
    <point id="Hz20">
      <label>Hz20</label>
      <description>Point 20 frequency.</description>
      <notes> </notes>
    </point>
    <point id="ReadOnly">
      <label>ReadOnly</label>
      <description>Enumerated value indicates if curve is read-only or can be modified.</description>
      <notes> </notes>
    </point>
  </strings>
</sunSpecModels>
